"00698","STANDARD","Yauco",,"Alts De Yauco, Alts Del Cafetal, Bda Galarza, Bda Las Delicias, Bda Lluberas, Bo Alto De Cuba, Bo Palomas, Colinas De Yauco, Est De Yauco, Est De Yodimar, Ext Alts De Yauco, Ext Alts De Yauco Ii, Haciendas Florida, Jard De Borinquen, Jard De Montblanc, Jard M Blanco, Qtas De Valle Verde, Repto Esperanza, Res Barinas, Sect La Vega, Sect Las Pelas, Sect Pueblo Nuevo, Urb Barinas, Urb Buena Vista, Urb Costa Sur, Urb El Rocio, Urb El Rosario, Urb Hill View, Urb La Quinta, Urb Los Angeles, Urb Los Pinos, Urb Luchetti, Urb Mifedo, Urb Monteverde, Urb Roosevelt, Urb San Francisco, Urb Turnkey, Villa Milagros, Villa Olimpia, Villas Del Cafetal, Villas Del Cafetal Ii, Vista Real, Vistas De Monte Sol, Vistas Del Palmar","PR",,,"787","18.03","-66.86","NA","US","0","0",
"00767","STANDARD","Yabucoa",,"Alts De Terralinda, Ext Villas De Buenaventura, Jard De Yabucoa, Repto Horizonte, Urb Calvario, Urb Jaime C Rodriguez, Urb Los Angeles, Urb Mendez, Urb Santa Elena, Urb Santa Maria, Valles De Yabucoa, Villa El Recreo, Villa Hilda, Villas De Buenaventura","PR",,,"787","18.04","-65.87","NA","US","0","0",
"00778","STANDARD","Gurabo",,"Alt De Montebrisas, Bda Campamento, Bda Nueva, Ciudad Jardin, Est De Gran Vista, Est De Santa Barbara, Est Siervas De Maria, Ext Llanos De Gurabo, Ext Villa Marina, Jard De Gurabo, Lomas Del Sol, Mans De Navarro, Mans De Santa Barbara, Parc Nuevas, Parq Las Americas, Paseo De Santa Barbara, Praderas De Navarro, Repto San Jose, Urb Altapaz, Urb Bajo Costo, Urb El Vivero, Urb Gran Vista I, Urb Gran Vista Ii, Urb Heavenly Vw Est, Urb Horizonte, Urb Llanos De Gurabo, Urb Los Flamboyanes, Urb Los Robles, Urb Monte Subacio, Urb Oreilly, Urb Paraiso De Gurabo, Urb Preciosa, Urb Reina De Los Angeles, Urb Sabanera Del Rio, Urb Veredas, Valle De Ensueno, Valle De Santa Barbara, Valle Del Tesoro, Villa Alegre, Villa Marina, Villas De Gurabo, Villas Del Carmen, Vista Lago","PR",,,"787","18.25","-65.97","NA","US","0","0",
"00957","STANDARD","Bayamon",,"Alt De Cana, Alt De Sans Souci, Bda Calderon, Bo Los Angeles, Colinas De Bayoan, Est De Cerro Gordo, Ext Rexville, Parc Van Scoy, San Juan, Urb Alhambra, Urb Bayamon Gdns, Urb Bella Vista, Urb Cana, Urb Flamingo Hls, Urb Flamingo Ter, Urb Los Dominicos, Urb May Fair, Urb Miraflores, Urb Montanez, Urb Panorama, Urb Panorama Vlg, Urb Patio De Rexville, Urb Rexville, Urb Royal Gdns, Urb San Fernando, Urb Sans Souci, Urb Santa Catalina, Urb Santa Elena, Urb Santa Elenita, Urb Santa Monica, Urb Sierra Linda, Valle De Cerro Gordo, Villa Arrieta, Vista Alta","PR","BayamÃ³n","America/Puerto_Rico","787,939","18.28","-66.13","NA","US","0","0",
"00979","STANDARD","Carolina",,"Ext Villamar, Isla Verde, Parq De Isla Verde, Urb Atlantic View, Urb Biascochea, Urb Cape Sea Vlg, Urb La Marina, Urb Los Angeles, Urb Palmar Norte, Urb Palmar Sur, Urb Villamar, Villa La Marina","PR","Carolina","America/Puerto_Rico","787","18.4","-65.98","NA","US","0","0",
"78014","STANDARD","Cotulla",,"Los Angeles","TX","La Salle County","America/Chicago","830,956","28.43","-99.23","NA","US","0","3181",
"90001","STANDARD","Los Angeles","Firestone Park, Firestone Pk",,"CA","Los Angeles County","America/Los_Angeles","213,310,323,562","33.97","-118.24","NA","US","0","36200",
"90002","STANDARD","Los Angeles","August F. Haw, Watts",,"CA","Los Angeles County","America/Los_Angeles","213,323,562","33.94","-118.24","NA","US","0","30920",
"90003","STANDARD","Los Angeles",,"Broadway Manchester","CA","Los Angeles County","America/Los_Angeles","323,213,310","33.96","-118.27","NA","US","0","41878",
"90004","STANDARD","Los Angeles","Oakwood",,"CA","Los Angeles County","America/Los_Angeles","213,818,323,310","34.07","-118.31","NA","US","0","41632",
"90005","STANDARD","Los Angeles","Sanford",,"CA","Los Angeles County","America/Los_Angeles","323,213,562,818,310","34.05","-118.31","NA","US","0","22281",
"90006","STANDARD","Los Angeles",,"Pico Heights","CA","Los Angeles County","America/Los_Angeles","213,323,310","34.04","-118.29","NA","US","0","34995",
"90007","STANDARD","Los Angeles","Dockweiler",,"CA","Los Angeles County","America/Los_Angeles","213,323,626,310","34.02","-118.28","NA","US","0","20179",
"90008","STANDARD","Los Angeles","Baldwin Hills, Leimert Park","Crenshaw","CA","Los Angeles County","America/Los_Angeles","213,323,310","34","-118.34","NA","US","0","21174",
"90009","PO BOX","Los Angeles","Los Angeles Afb, Los Angls Afb","Los Angeles International Ai","CA","Los Angeles County","America/Los_Angeles","310","33.94","-118.38","NA","US","0","1715",
"90010","STANDARD","Los Angeles",,"Sanford","CA","Los Angeles County","America/Los_Angeles","213,323,626,818,310,949,714,408,562","34.06","-118.31","NA","US","0","3294",
"90011","STANDARD","Los Angeles",,,"CA","Los Angeles County","America/Los_Angeles","213,323","34","-118.25","NA","US","0","63123",
"90012","STANDARD","Los Angeles",,"Federal","CA","Los Angeles County","America/Los_Angeles","213,323,562,818,714,310","34.06","-118.24","NA","US","0","13839",
"90013","STANDARD","Los Angeles",,"Federal","CA","Los Angeles County","America/Los_Angeles","213,818,323,562,626,310,415,661,805","34.04","-118.24","NA","US","0","3973",
"90014","STANDARD","Los Angeles",,,"CA","Los Angeles County","America/Los_Angeles","213,310,805,323,626,818,424,562,661","34.04","-118.25","NA","US","0","3272",
"90015","STANDARD","Los Angeles",,"Del Valle Finance, Dowtown Carrier Annex, Textile Finance","CA","Los Angeles County","America/Los_Angeles","213,323,818,310,562,626","34.03","-118.26","NA","US","0","10390",
"90016","STANDARD","Los Angeles",,"West Adams","CA","Los Angeles County","America/Los_Angeles","213,323,310,909","34.02","-118.35","NA","US","0","34391",
"90017","STANDARD","Los Angeles",,"Foy","CA","Los Angeles County","America/Los_Angeles","213,760,714,818,310,323,707,424,562,626","34.05","-118.26","NA","US","0","11309",
"90018","STANDARD","Los Angeles",,"Cimarron, Dockweiler","CA","Los Angeles County","America/Los_Angeles","323,213","34.02","-118.31","NA","US","0","33029",
"90019","STANDARD","Los Angeles",,"Rimpau","CA","Los Angeles County","America/Los_Angeles","213,323,310","34.04","-118.34","NA","US","0","43752",
"90020","STANDARD","Los Angeles",,"Sanford","CA","Los Angeles County","America/Los_Angeles","310,323,213,818,562,626","34.06","-118.31","NA","US","0","25029",
"90021","STANDARD","Los Angeles",,"Market","CA","Los Angeles County","America/Los_Angeles","213,562,661,323,714","34.03","-118.24","NA","US","0","1621",
"90022","STANDARD","Los Angeles","Commerce, East Los Angeles, Est Ls Angls",,"CA","Los Angeles County","America/Los_Angeles","626,323,213,562","34.02","-118.15","NA","US","0","46198",
"90023","STANDARD","Los Angeles","Commerce","Lugo","CA","Los Angeles County","America/Los_Angeles","626,323,213","34.01","-118.2","NA","US","0","30786",
"90024","STANDARD","Los Angeles",,"Village","CA","Los Angeles County","America/Los_Angeles","310,626,818,323","34.06","-118.43","NA","US","0","22009",
"90025","STANDARD","Los Angeles","W Los Angeles, West Los Angeles","Wla","CA","Los Angeles County","America/Los_Angeles","310,323,626,213,818,424","34.04","-118.44","NA","US","0","34463",
"90026","STANDARD","Los Angeles",,"Echo Park, Edendale, Silver Lake","CA","Los Angeles County","America/Los_Angeles","213,323,818","34.07","-118.26","NA","US","0","46916",
"90027","STANDARD","Los Angeles",,"Hollywood, Los Feliz","CA","Los Angeles County","America/Los_Angeles","213,323,818","34.12","-118.28","NA","US","0","33916",
"90028","STANDARD","Los Angeles","Hollywood",,"CA","Los Angeles County","America/Los_Angeles","323,626,213,310,818,707","34.1","-118.32","NA","US","0","18687",
"90029","STANDARD","Los Angeles",,"Vermont","CA","Los Angeles County","America/Los_Angeles","213,323","34.09","-118.29","NA","US","0","26270",
"90030","PO BOX","Los Angeles",,,"CA","Los Angeles County","America/Los_Angeles","213","34.06","-118.23","NA","US","0","0",
"90031","STANDARD","Los Angeles","Lincoln Heights, Lincoln Hts",,"CA","Los Angeles County","America/Los_Angeles","213,323,310,818","34.08","-118.2","NA","US","0","26797",
"90032","STANDARD","Los Angeles",,,"CA","Los Angeles County","America/Los_Angeles","213,323,626","34.08","-118.17","NA","US","0","32538",
"90033","STANDARD","Los Angeles",,"Boyle Heights","CA","Los Angeles County","America/Los_Angeles","213,323,510,626","34.04","-118.21","NA","US","0","28923",
"90034","STANDARD","Los Angeles",,"Palms","CA","Los Angeles County","America/Los_Angeles","323,310,213","34.02","-118.39","NA","US","0","42620",
"90035","STANDARD","Los Angeles",,"Preuss","CA","Los Angeles County","America/Los_Angeles","323,310,818,213","34.05","-118.38","NA","US","0","20647",
"90036","STANDARD","Los Angeles",,"Farmer Market, Miracle Mile, Wilshire-la Brea","CA","Los Angeles County","America/Los_Angeles","213,310,323,510,818","34.06","-118.35","NA","US","0","26227",
"90037","STANDARD","Los Angeles",,"Green","CA","Los Angeles County","America/Los_Angeles","323,213,818,310","34","-118.28","NA","US","0","37811",
"90038","STANDARD","Los Angeles","W Hollywood, West Hollywood","Hollywood, Wilcox","CA","Los Angeles County","America/Los_Angeles","213,323,818,310","34.08","-118.32","NA","US","0","18877",
"90039","STANDARD","Los Angeles",,"Griffith","CA","Los Angeles County","America/Los_Angeles","323,213,818","34.11","-118.26","NA","US","0","22944",
"90040","STANDARD","Los Angeles","Commerce, Cty Of Cmmrce",,"CA","Los Angeles County","America/Los_Angeles","323,714,626,310,213,760","33.99","-118.14","NA","US","0","9350",
"90041","STANDARD","Los Angeles","Eagle Rock",,"CA","Los Angeles County","America/Los_Angeles","213,323,626,818,949","34.13","-118.2","NA","US","0","20920",
"90042","STANDARD","Los Angeles","Highland Park",,"CA","Los Angeles County","America/Los_Angeles","213,323,818","34.11","-118.19","NA","US","0","43949",
"90043","STANDARD","Los Angeles","View Park, Windsor Hills","La Tijera","CA","Los Angeles County","America/Los_Angeles","323,213,310","33.98","-118.33","NA","US","0","32064",
"90044","STANDARD","Los Angeles","August F. Haw","Hancock","CA","Los Angeles County","America/Los_Angeles","323,310,213","33.95","-118.29","NA","US","0","56462",
"90045","STANDARD","Los Angeles","Westchester","Bradley International, Playa Vista","CA","Los Angeles County","America/Los_Angeles","310,562,213,323,650","33.95","-118.4","NA","US","0","29336",
"90046","STANDARD","Los Angeles","W Hollywood, West Hollywood",,"CA","Los Angeles County","America/Los_Angeles","213,323,661,310,714,909","34.1","-118.37","NA","US","0","34474",
"90047","STANDARD","Los Angeles",,"Wagner","CA","Los Angeles County","America/Los_Angeles","323,213,562","33.95","-118.3","NA","US","0","36265",
"90048","STANDARD","Los Angeles","W Hollywood, West Hollywood","Bicentennial, Briggs","CA","Los Angeles County","America/Los_Angeles","310,323,213,415","34.07","-118.37","NA","US","0","17194",
"90049","STANDARD","Los Angeles",,"Barrington, Brentwood","CA","Los Angeles County","America/Los_Angeles","213,310,323,818","34.08","-118.49","NA","US","0","29275",
"90050","PO BOX","Los Angeles",,,"CA","Los Angeles County","America/Los_Angeles","213","34.12","-118.2","NA","US","0","407",
"90051","PO BOX","Los Angeles","August F. Haw",,"CA","Los Angeles County","America/Los_Angeles","213","34.06","-118.24","NA","US","0","609",
"90052","PO BOX","Los Angeles",,,"CA","Los Angeles County","America/Los_Angeles","213","33.97","-118.25","NA","US","0","0",
"90053","PO BOX","Los Angeles",,,"CA","Los Angeles County","America/Los_Angeles","213","34.05","-118.23","NA","US","0","0",
"90054","PO BOX","Los Angeles",,,"CA","Los Angeles County","America/Los_Angeles","213","34.06","-118.23","NA","US","0","0",
"90055","PO BOX","Los Angeles",,,"CA","Los Angeles County","America/Los_Angeles","213","34.04","-118.25","NA","US","0","0",
"90056","STANDARD","Los Angeles","Baldwin Hills, Windsor Hills","Crenshaw","CA","Los Angeles County","America/Los_Angeles","323,213,310","33.98","-118.37","NA","US","0","7060",
"90057","STANDARD","Los Angeles",,"Flint","CA","Los Angeles County","America/Los_Angeles","213,323,310,562","34.06","-118.27","NA","US","0","21531",
"90058","STANDARD","Los Angeles","Vernon",,"CA","Los Angeles County","America/Los_Angeles","323,213,818","34","-118.21","NA","US","0","2407",
"90059","STANDARD","Los Angeles","August F. Haw","Greenmead","CA","Los Angeles County","America/Los_Angeles","310,323,213","33.92","-118.24","NA","US","0","25507",
"90060","PO BOX","Los Angeles",,,"CA","Los Angeles County","America/Los_Angeles","323","33.99","-118.42","NA","US","0","0",
"90061","STANDARD","Los Angeles","August F. Haw","South","CA","Los Angeles County","America/Los_Angeles","323,213,310","33.92","-118.27","NA","US","0","18477",
"90062","STANDARD","Los Angeles",,"Westvern","CA","Los Angeles County","America/Los_Angeles","213,323","34","-118.3","NA","US","0","22057",
"90063","STANDARD","Los Angeles","Hazard",,"CA","Los Angeles County","America/Los_Angeles","323,213","34.04","-118.18","NA","US","0","35693",
"90064","STANDARD","Los Angeles","Rancho Park",,"CA","Los Angeles County","America/Los_Angeles","310,213,818,323","34.03","-118.43","NA","US","0","22483",
"90065","STANDARD","Los Angeles","Glassell, Glassell Park",,"CA","Los Angeles County","America/Los_Angeles","213,323,818","34.1","-118.22","NA","US","0","34536",
"90066","STANDARD","Los Angeles",,"Culver Cty, Mar Vista","CA","Los Angeles County","America/Los_Angeles","310,661,818,213,562,323,424","34","-118.43","NA","US","0","43203",
"90067","STANDARD","Los Angeles","Century City",,"CA","Los Angeles County","America/Los_Angeles","310,323,760,562,213","34.05","-118.41","NA","US","0","5575",
"90068","STANDARD","Los Angeles","Hollywood",,"CA","Los Angeles County","America/Los_Angeles","213,323,310","34.13","-118.33","NA","US","0","15853",
"90069","STANDARD","West Hollywood","Los Angeles, W Hollywood",,"CA","Los Angeles County","America/Los_Angeles","323,310,818,213","34.09","-118.38","NA","US","0","17126",
"90070","PO BOX","Los Angeles",,,"CA","Los Angeles County","America/Los_Angeles","213","34.06","-118.31","NA","US","0","0",
"90071","STANDARD","Los Angeles",,"Arco, Arco-plaza","CA","Los Angeles County","America/Los_Angeles","213,323,818,626,310,424,562","34.05","-118.25","NA","US","0","964",
"90072","PO BOX","Los Angeles",,"Santa Western","CA","Los Angeles County","America/Los_Angeles","213","34.09","-118.3","NA","US","0","0",
"90073","PO BOX","Los Angeles","Veterans Adm, Veterans Admin, Veterans Administration, Veterans Admn",,"CA","Los Angeles County","America/Los_Angeles","310","34.05","-118.45","NA","US","0","0",
"90074","UNIQUE","Los Angeles",,"Bank Of America","CA","Los Angeles County","America/Los_Angeles","213","34.05","-118.26","NA","US","0","0",
"90075","PO BOX","Los Angeles",,,"CA","Los Angeles County","America/Los_Angeles","323","34.06","-118.31","NA","US","0","0",
"90076","PO BOX","Los Angeles",,,"CA","Los Angeles County","America/Los_Angeles","323","34.06","-118.31","NA","US","0","393",
"90077","STANDARD","Los Angeles",,"Barrington","CA","Los Angeles County","America/Los_Angeles","213,310,323","34.1","-118.45","NA","US","0","7412",
"90078","PO BOX","Los Angeles","Hollywood",,"CA","Los Angeles County","America/Los_Angeles","213,323","34.1","-118.32","NA","US","0","1047",
"90079","STANDARD","Los Angeles",,"Textile Boxes","CA","Los Angeles County","America/Los_Angeles","213,626,818,760,323,858","34.04","-118.25","NA","US","0","0",
"90080","PO BOX","Los Angeles",,,"CA","Los Angeles County","America/Los_Angeles","213","33.95","-118.39","NA","US","0","0",
"90081","PO BOX","Los Angeles",,,"CA","Los Angeles County","America/Los_Angeles","213","34.05","-118.26","NA","US","0","1017",
"90082","PO BOX","Los Angeles",,,"CA","Los Angeles County","America/Los_Angeles","213","34","-118.27","NA","US","0","0",
"90083","PO BOX","Los Angeles",,,"CA","Los Angeles County","America/Los_Angeles","213","33.95","-118.39","NA","US","0","0",
"90084","UNIQUE","Los Angeles",,"Wells Fargo","CA","Los Angeles County","America/Los_Angeles","213","34.05","-118.26","NA","US","0","0",
"90086","PO BOX","Los Angeles",,,"CA","Los Angeles County","America/Los_Angeles","213","34.06","-118.23","NA","US","0","550",
"90087","PO BOX","Los Angeles",,,"CA","Los Angeles County","America/Los_Angeles","213","34.06","-118.23","NA","US","0","0",
"90088","UNIQUE","Los Angeles",,"Wells Fargo","CA","Los Angeles County","America/Los_Angeles","213","34.05","-118.26","NA","US","0","0",
"90089","UNIQUE","Los Angeles",,"University Of Southern Ca","CA","Los Angeles County","America/Los_Angeles","323,213","34.01","-118.28","NA","US","0","0",
"90090","UNIQUE","Dodgertown","Los Angeles","Los Angeles Dodgers","CA","Los Angeles County","America/Los_Angeles",,"34.07","-118.24","NA","US","0","0","no NWS data, "
"90091","PO BOX","Los Angeles","Commerce, Cty Of Cmmrce",,"CA","Los Angeles County","America/Los_Angeles","213","33.99","-118.15","NA","US","0","0",
"90093","PO BOX","Los Angeles",,,"CA","Los Angeles County","America/Los_Angeles","323","34.09","-118.33","NA","US","0","439",
"90094","STANDARD","Playa Vista","Los Angeles",,"CA","Los Angeles County","America/Los_Angeles","323","33.97","-118.43","NA","US","0","3903",
"90095","UNIQUE","Los Angeles","Ucla",,"CA","Los Angeles County","America/Los_Angeles","310","34.07","-118.44","NA","US","0","0",
"90096","UNIQUE","Los Angeles",,"Shared Firm Zip Code","CA","Los Angeles County","America/Los_Angeles","213","33.96","-118.17","NA","US","0","0",
"90099","STANDARD","Los Angeles",,"Bar Code Term Annex","CA","Los Angeles County","America/Los_Angeles","818","34.06","-118.23","NA","US","0","0",
"90101","STANDARD","Los Angeles",,"Bulk Mail Center, La","CA","Los Angeles County","America/Los_Angeles","213","33.99","-118.16","NA","US","0","0",
"90102","UNIQUE","Los Angeles","Brylane",,"CA","Los Angeles County","America/Los_Angeles","213","34.01","-118.19","NA","US","1","0","Converted Decommisioned Zipcodes"
"90103","UNIQUE","Los Angeles",,"Rodale Press","CA","Los Angeles County","America/Los_Angeles","213","33.99","-118.16","NA","US","0","0",
"90189","UNIQUE","Los Angeles",,"Citibank","CA","Los Angeles County","America/Los_Angeles","213","34.06","-118.25","NA","US","0","0","no NWS data, "
"90201","STANDARD","Bell Gardens","Bell, Cudahy",,"CA","Los Angeles County","America/Los_Angeles","323,562,213,310","33.97","-118.15","NA","US","0","67468",
"90202","PO BOX","Bell","Bell Gardens",,"CA","Los Angeles County","America/Los_Angeles",,"33.96","-118.15","NA","US","0","648",
"90209","PO BOX","Beverly Hills",,,"CA","Los Angeles County","America/Los_Angeles","310","34.07","-118.39","NA","US","0","810",
"90210","STANDARD","Beverly Hills",,,"CA","Los Angeles County","America/Los_Angeles","310,323","34.09","-118.41","NA","US","0","16984",
"90211","STANDARD","Beverly Hills",,,"CA","Los Angeles County","America/Los_Angeles","310,323,213,714,424","34.06","-118.38","NA","US","0","8596",
"90212","STANDARD","Beverly Hills",,,"CA","Los Angeles County","America/Los_Angeles","310,323,213","34.06","-118.4","NA","US","0","12548",
"90213","PO BOX","Beverly Hills",,,"CA","Los Angeles County","America/Los_Angeles","310","34.05","-118.4","NA","US","0","902",
"90220","STANDARD","Compton","Crystal City, Rancho Dominguez, Rncho Domingz",,"CA","Los Angeles County","America/Los_Angeles","323,310,562","33.87","-118.24","NA","US","0","34287",
"90221","STANDARD","Compton","E Rncho Dmngz, East Rancho Dominguez",,"CA","Los Angeles County","America/Los_Angeles","213,310,323,424","33.87","-118.21","NA","US","0","36005",
"90222","STANDARD","Compton","Rosewood",,"CA","Los Angeles County","America/Los_Angeles","310,323,562","33.91","-118.23","NA","US","0","20801",
"90223","PO BOX","Compton",,,"CA","Los Angeles County","America/Los_Angeles","562","33.89","-118.22","NA","US","0","0",
"90224","PO BOX","Compton","Rancho Dominguez, Rncho Domingz",,"CA","Los Angeles County","America/Los_Angeles","310","33.87","-118.26","NA","US","0","977",
"90230","STANDARD","Culver City","Los Angeles",,"CA","Los Angeles County","America/Los_Angeles","310,323","33.99","-118.39","NA","US","0","25528",
"90231","PO BOX","Culver City",,,"CA","Los Angeles County","America/Los_Angeles","310,323,213","33.99","-118.39","NA","US","0","877",
"90232","STANDARD","Culver City",,,"CA","Los Angeles County","America/Los_Angeles","310,818,323,424","34.02","-118.39","NA","US","0","13073",
"90233","PO BOX","Culver City",,,"CA","Los Angeles County","America/Los_Angeles","310","33.98","-118.38","NA","US","0","0",
"90239","PO BOX","Downey",,,"CA","Los Angeles County","America/Los_Angeles","562","33.93","-118.11","NA","US","0","697",
"90240","STANDARD","Downey",,,"CA","Los Angeles County","America/Los_Angeles","562,323,310","33.95","-118.12","NA","US","0","19687",
"90241","STANDARD","Downey",,,"CA","Los Angeles County","America/Los_Angeles","323,562","33.94","-118.13","NA","US","0","32425",
"90242","STANDARD","Downey",,,"CA","Los Angeles County","America/Los_Angeles","562,818","33.92","-118.14","NA","US","0","31123",
"90245","STANDARD","El Segundo",,,"CA","Los Angeles County","America/Los_Angeles","310,714,818,323,626,424","33.91","-118.4","NA","US","0","15421",
"90247","STANDARD","Gardena",,,"CA","Los Angeles County","America/Los_Angeles","323,310,949,213,562","33.89","-118.29","NA","US","0","35920",
"90248","STANDARD","Gardena",,,"CA","Los Angeles County","America/Los_Angeles","310,323,213,424","33.88","-118.27","NA","US","0","8825",
"90249","STANDARD","Gardena",,,"CA","Los Angeles County","America/Los_Angeles","310,323,626,213,562","33.89","-118.31","NA","US","0","21361",
"90250","STANDARD","Hawthorne","Holly Park, Hollyglen",,"CA","Los Angeles County","America/Los_Angeles","310,323,714,424","33.91","-118.34","NA","US","0","68109",
"90251","PO BOX","Hawthorne",,,"CA","Los Angeles County","America/Los_Angeles","310","33.91","-118.36","NA","US","0","1320",
"90254","STANDARD","Hermosa Beach",,,"CA","Los Angeles County","America/Los_Angeles","310,213,323,424","33.86","-118.39","NA","US","0","16137",
"90255","STANDARD","Huntington Park","Huntington Pk, Walnut Park",,"CA","Los Angeles County","America/Los_Angeles","213,562,626,323,818","33.97","-118.21","NA","US","0","54716",
"90260","STANDARD","Lawndale",,,"CA","Los Angeles County","America/Los_Angeles","310,323","33.88","-118.35","NA","US","0","25618",
"90261","STANDARD","Lawndale",,,"CA","Los Angeles County","America/Los_Angeles","310","33.89","-118.37","NA","US","0","0",
"90262","STANDARD","Lynwood",,,"CA","Los Angeles County","America/Los_Angeles","323,310,562,818","33.92","-118.2","NA","US","0","47895",
"90263","STANDARD","Malibu",,,"CA","Los Angeles County","America/Los_Angeles","310,424","34.03","-118.7","NA","US","0","0",
"90264","PO BOX","Malibu",,,"CA","Los Angeles County","America/Los_Angeles","310","34.04","-118.77","NA","US","0","497",
"90265","STANDARD","Malibu",,,"CA","Los Angeles County","America/Los_Angeles","310,818","34.06","-118.81","NA","US","0","12992",
"90266","STANDARD","Manhattan Beach","Manhattan Bch",,"CA","Los Angeles County","America/Los_Angeles","310","33.88","-118.4","NA","US","0","30505",
"90267","PO BOX","Manhattan Beach","Manhattan Bch",,"CA","Los Angeles County","America/Los_Angeles","310","33.87","-118.39","NA","US","0","876",
"90270","STANDARD","Maywood","Bell Gardens",,"CA","Los Angeles County","America/Los_Angeles","323,213","33.98","-118.18","NA","US","0","19023",
"90272","STANDARD","Pacific Palisades","Pacific Plsds",,"CA","Los Angeles County","America/Los_Angeles","310,562","34.07","-118.54","NA","US","0","19526",
"90274","STANDARD","Palos Verdes Peninsula","Palos Verdes Estates, Pls Vrds Est, Pls Vrds Pnsl, Rllng Hls Est, Rolling Hills, Rolling Hills Estates",,"CA","Los Angeles County","America/Los_Angeles","310,323","33.77","-118.34","NA","US","0","24008",
"90275","STANDARD","Rancho Palos Verdes","Palos Verdes Estates, Palos Verdes Peninsula, Pls Vrds Est, Pls Vrds Pnsl, Rch Palos Vrd, Rllng Hls Est, Rolling Hills Estates",,"CA","Los Angeles County","America/Los_Angeles","310","33.75","-118.31","NA","US","0","35895",
"90277","STANDARD","Redondo Beach",,,"CA","Los Angeles County","America/Los_Angeles","310,909,323","33.83","-118.38","NA","US","0","30038",
"90278","STANDARD","Redondo Beach",,,"CA","Los Angeles County","America/Los_Angeles","310,323","33.87","-118.37","NA","US","0","33427",
"90280","STANDARD","South Gate",,,"CA","Los Angeles County","America/Los_Angeles","323,213,310,562","33.94","-118.2","NA","US","0","70212",
"90290","STANDARD","Topanga",,,"CA","Los Angeles County","America/Los_Angeles","310","34.1","-118.6","NA","US","0","5072",
"90291","STANDARD","Venice","Playa Del Rey","Marina Del Rey","CA","Los Angeles County","America/Los_Angeles","310","33.99","-118.46","NA","US","0","20638",
"90292","STANDARD","Marina Del Rey","Marina Dl Rey, Venice",,"CA","Los Angeles County","America/Los_Angeles","310,323","33.97","-118.43","NA","US","0","16888",
"90293","STANDARD","Playa Del Rey","Venice",,"CA","Los Angeles County","America/Los_Angeles","310,323","33.94","-118.44","NA","US","0","9536",
"90294","PO BOX","Venice",,,"CA","Los Angeles County","America/Los_Angeles","310,818","33.98","-118.47","NA","US","0","681",
"90295","PO BOX","Marina Del Rey","Marina Dl Rey, Venice",,"CA","Los Angeles County","America/Los_Angeles","310","33.97","-118.43","NA","US","0","1166",
"90296","PO BOX","Playa Del Rey","Venice",,"CA","Los Angeles County","America/Los_Angeles","213","33.95","-118.44","NA","US","0","0",
"90301","STANDARD","Inglewood",,,"CA","Los Angeles County","America/Los_Angeles","310,323,424","33.95","-118.36","NA","US","0","25753",
"90302","STANDARD","Inglewood",,,"CA","Los Angeles County","America/Los_Angeles","310,562,323","33.97","-118.35","NA","US","0","20745",
"90303","STANDARD","Inglewood",,,"CA","Los Angeles County","America/Los_Angeles","310,323","33.93","-118.33","NA","US","0","18370",
"90304","STANDARD","Inglewood","Lennox",,"CA","Los Angeles County","America/Los_Angeles","310,626,323","33.93","-118.36","NA","US","0","20300",
"90305","STANDARD","Inglewood",,,"CA","Los Angeles County","America/Los_Angeles","323,310","33.95","-118.33","NA","US","0","12037",
"90306","PO BOX","Inglewood",,,"CA","Los Angeles County","America/Los_Angeles","310","33.95","-118.35","NA","US","0","0",
"90307","PO BOX","Inglewood",,,"CA","Los Angeles County","America/Los_Angeles","310","33.95","-118.37","NA","US","0","0",
"90308","PO BOX","Inglewood",,,"CA","Los Angeles County","America/Los_Angeles","310","33.95","-118.35","NA","US","0","423",
"90309","PO BOX","Inglewood",,,"CA","Los Angeles County","America/Los_Angeles","310","33.97","-118.35","NA","US","0","0",
"90310","PO BOX","Inglewood",,,"CA","Los Angeles County","America/Los_Angeles","310","33.93","-118.32","NA","US","0","0",
"90311","STANDARD","Inglewood",,,"CA","Los Angeles County","America/Los_Angeles","310","33.95","-118.35","NA","US","0","0",
"90312","PO BOX","Inglewood",,,"CA","Los Angeles County","America/Los_Angeles","310","33.96","-118.35","NA","US","0","0",
"90313","UNIQUE","Inglewood","General Telephone",,"CA","Los Angeles County","America/Los_Angeles","310","33.96","-118.35","NA","US","1","0","Converted Decommisioned Zipcodes"
"90397","UNIQUE","Inglewood","Shared Firm Zip Code",,"CA","Los Angeles County","America/Los_Angeles","310","33.96","-118.35","NA","US","1","0","Converted Decommisioned Zipcodes"
"90398","UNIQUE","Inglewood",,"Electronic Data Systems Inc","CA","Los Angeles County","America/Los_Angeles","310","33.96","-118.35","NA","US","1","0","Converted Decommisioned Zipcodes"
"90401","STANDARD","Santa Monica",,,"CA","Los Angeles County","America/Los_Angeles","323,714,310,818,424","34.01","-118.49","NA","US","0","4953",
"90402","STANDARD","Santa Monica",,,"CA","Los Angeles County","America/Los_Angeles","310","34.03","-118.5","NA","US","0","9702",
"90403","STANDARD","Santa Monica",,,"CA","Los Angeles County","America/Los_Angeles","310,626,323","34.03","-118.49","NA","US","0","20118",
"90404","STANDARD","Santa Monica",,,"CA","Los Angeles County","America/Los_Angeles","310,760,714,818","34.02","-118.47","NA","US","0","16220",
"90405","STANDARD","Santa Monica",,,"CA","Los Angeles County","America/Los_Angeles","310,818","34.01","-118.46","NA","US","0","22070",
"90406","PO BOX","Santa Monica",,,"CA","Los Angeles County","America/Los_Angeles","310","34.01","-118.49","NA","US","0","1108",
"90407","PO BOX","Santa Monica",,,"CA","Los Angeles County","America/Los_Angeles","310","34.01","-118.49","NA","US","0","0",
"90408","PO BOX","Santa Monica",,,"CA","Los Angeles County","America/Los_Angeles","310","34.02","-118.48","NA","US","0","0",
"90409","PO BOX","Santa Monica",,,"CA","Los Angeles County","America/Los_Angeles","310","34","-118.48","NA","US","0","0",
"90410","PO BOX","Santa Monica",,,"CA","Los Angeles County","America/Los_Angeles","310","34.01","-118.46","NA","US","0","0",
"90411","PO BOX","Santa Monica",,,"CA","Los Angeles County","America/Los_Angeles","310","34.01","-118.46","NA","US","0","509",
"90501","STANDARD","Torrance",,,"CA","Los Angeles County","America/Los_Angeles","310,818,323,408,424","33.83","-118.31","NA","US","0","33170",
"90502","STANDARD","Torrance",,,"CA","Los Angeles County","America/Los_Angeles","310,562,323","33.83","-118.29","NA","US","0","14193",
"90503","STANDARD","Torrance",,,"CA","Los Angeles County","America/Los_Angeles","310,949,323,626","33.84","-118.35","NA","US","0","36775",
"90504","STANDARD","Torrance",,,"CA","Los Angeles County","America/Los_Angeles","310,323","33.86","-118.33","NA","US","0","27310",
"90505","STANDARD","Torrance",,,"CA","Los Angeles County","America/Los_Angeles","310","33.8","-118.35","NA","US","0","31058",
"90506","STANDARD","Torrance",,,"CA","Los Angeles County","America/Los_Angeles","310","33.88","-118.33","NA","US","0","0",
"90507","PO BOX","Torrance",,,"CA","Los Angeles County","America/Los_Angeles","310","33.83","-118.31","NA","US","0","0",
"90508","PO BOX","Torrance",,,"CA","Los Angeles County","America/Los_Angeles","310","33.83","-118.31","NA","US","0","0",
"90509","PO BOX","Torrance",,,"CA","Los Angeles County","America/Los_Angeles","310","33.84","-118.32","NA","US","0","0",
"90510","PO BOX","Torrance",,,"CA","Los Angeles County","America/Los_Angeles","818","33.82","-118.32","NA","US","0","784",
"90601","STANDARD","Whittier","City Industry, City Of Industry, Pico Rivera",,"CA","Los Angeles County","America/Los_Angeles","562,626,949","34","-118.03","NA","US","0","24177",
"90602","STANDARD","Whittier",,,"CA","Los Angeles County","America/Los_Angeles","562,626,323","33.97","-118.01","NA","US","0","17609",
"90603","STANDARD","Whittier",,,"CA","Los Angeles County","America/Los_Angeles","562,626","33.94","-117.99","NA","US","0","16292",
"90604","STANDARD","Whittier",,,"CA","Los Angeles County","America/Los_Angeles","562","33.93","-118","NA","US","0","29676",
"90605","STANDARD","Whittier",,"Santa Fe Springs","CA","Los Angeles County","America/Los_Angeles","562,626","33.94","-118.03","NA","US","0","30900",
"90606","STANDARD","Whittier","Los Nietos",,"CA","Los Angeles County","America/Los_Angeles","530,562,909,626","33.98","-118.06","NA","US","0","24569",
"90607","PO BOX","Whittier",,,"CA","Los Angeles County","America/Los_Angeles","562","33.96","-118.02","NA","US","0","583",
"90608","PO BOX","Whittier",,,"CA","Los Angeles County","America/Los_Angeles","818","33.97","-118.02","NA","US","0","579",
"90609","PO BOX","Whittier",,,"CA","Los Angeles County","America/Los_Angeles","562","33.97","-118.03","NA","US","0","0",
"90610","PO BOX","Whittier","Los Nietos",,"CA","Los Angeles County","America/Los_Angeles","562","33.96","-118.07","NA","US","0","0",
"90612","UNIQUE","Whittier",,"Whittier Asb","CA","Los Angeles County","America/Los_Angeles","562","33.96","-118.02","NA","US","1","0","Converted Decommisioned Zipcodes"
"90637","PO BOX","La Mirada",,,"CA","Los Angeles County","America/Los_Angeles","562","33.89","-118","NA","US","0","777",
"90638","STANDARD","La Mirada","Lamirada, Mirada",,"CA","Los Angeles County","America/Los_Angeles","562,714,626,310","33.9","-118","NA","US","0","37827",
"90639","UNIQUE","La Mirada",,"Biola University","CA","Los Angeles County","America/Los_Angeles","562","33.9","-118.01","NA","US","0","0",
"90640","STANDARD","Montebello",,,"CA","Los Angeles County","America/Los_Angeles","323,818,626,213","34","-118.1","NA","US","0","46577",
"90650","STANDARD","Norwalk",,,"CA","Los Angeles County","America/Los_Angeles","562,714","33.9","-118.07","NA","US","0","78458",
"90651","PO BOX","Norwalk",,,"CA","Los Angeles County","America/Los_Angeles","562","33.9","-118.07","NA","US","0","1002",
"90652","PO BOX","Norwalk",,,"CA","Los Angeles County","America/Los_Angeles","562","33.91","-118.07","NA","US","0","0",
"90659","UNIQUE","Norwalk",,"Mw","CA","Los Angeles County","America/Los_Angeles","562","33.9","-118.07","NA","US","1","0","Converted Decommisioned Zipcodes"
"90660","STANDARD","Pico Rivera",,,"CA","Los Angeles County","America/Los_Angeles","562,323,626","33.98","-118.08","NA","US","0","48568",
"90661","PO BOX","Pico Rivera",,,"CA","Los Angeles County","America/Los_Angeles","562","34","-118.08","NA","US","0","0",
"90662","PO BOX","Pico Rivera",,,"CA","Los Angeles County","America/Los_Angeles","562","33.96","-118.09","NA","US","0","0",
"90670","STANDARD","Santa Fe Springs","Santa Fe Spgs",,"CA","Los Angeles County","America/Los_Angeles","562,909,626,408","33.92","-118.06","NA","US","0","12163",
"90671","PO BOX","Santa Fe Springs","Santa Fe Spgs",,"CA","Los Angeles County","America/Los_Angeles","562","33.93","-118.06","NA","US","0","0",
"90701","STANDARD","Artesia","Cerritos",,"CA","Los Angeles County","America/Los_Angeles","562,714","33.86","-118.08","NA","US","0","12730",
"90702","PO BOX","Artesia",,,"CA","Los Angeles County","America/Los_Angeles","562","33.86","-118.08","NA","US","0","540",
"90703","STANDARD","Cerritos","Artesia",,"CA","Los Angeles County","America/Los_Angeles","562,626","33.86","-118.05","NA","US","0","44208",
"90704","PO BOX","Avalon",,"Catalina, Santa Catalina","CA","Los Angeles County","America/Los_Angeles","310,323","33.38","-118.45","NA","US","0","3096",
"90706","STANDARD","Bellflower",,,"CA","Los Angeles County","America/Los_Angeles","310,562,714","33.88","-118.13","NA","US","0","54431",
"90707","PO BOX","Bellflower",,,"CA","Los Angeles County","America/Los_Angeles","562","33.88","-118.12","NA","US","0","1256",
"90710","STANDARD","Harbor City",,,"CA","Los Angeles County","America/Los_Angeles","310,323","33.79","-118.29","NA","US","0","19537",
"90711","PO BOX","Lakewood",,,"CA","Los Angeles County","America/Los_Angeles","562","33.84","-118.14","NA","US","0","543",
"90712","STANDARD","Lakewood",,,"CA","Los Angeles County","America/Los_Angeles","562,310","33.84","-118.14","NA","US","0","25989",
"90713","STANDARD","Lakewood",,,"CA","Los Angeles County","America/Los_Angeles","562,310","33.85","-118.11","NA","US","0","23966",
"90714","PO BOX","Lakewood",,,"CA","Los Angeles County","America/Los_Angeles","562","33.85","-118.13","NA","US","0","739",
"90715","STANDARD","Lakewood",,,"CA","Los Angeles County","America/Los_Angeles","562,310","33.84","-118.07","NA","US","0","15741",
"90716","STANDARD","Hawaiian Gardens","Hawaiian Gdns, Lakewood",,"CA","Los Angeles County","America/Los_Angeles","714,562","33.83","-118.07","NA","US","0","10379",
"90717","STANDARD","Lomita",,,"CA","Los Angeles County","America/Los_Angeles","310,213,424","33.79","-118.31","NA","US","0","16628",
"90723","STANDARD","Paramount",,,"CA","Los Angeles County","America/Los_Angeles","562,714,323,213","33.89","-118.16","NA","US","0","38558",
"90731","STANDARD","San Pedro",,"Fort Macarthur, Ft Macarthur, Terminal Island","CA","Los Angeles County","America/Los_Angeles","310,562,424","33.73","-118.29","NA","US","0","40560",
"90732","STANDARD","San Pedro",,,"CA","Los Angeles County","America/Los_Angeles","310,562","33.73","-118.31","NA","US","0","17285",
"90733","PO BOX","San Pedro",,,"CA","Los Angeles County","America/Los_Angeles","213","33.7","-118.29","NA","US","0","751",
"90734","PO BOX","San Pedro",,,"CA","Los Angeles County","America/Los_Angeles","213","33.75","-118.3","NA","US","0","0",
"90744","STANDARD","Wilmington",,,"CA","Los Angeles County","America/Los_Angeles","310,323,562","33.77","-118.26","NA","US","0","37822",
"90745","STANDARD","Carson","Long Beach",,"CA","Los Angeles County","America/Los_Angeles","310,323,562","33.82","-118.26","NA","US","0","46022",
"90746","STANDARD","Carson","Long Beach",,"CA","Los Angeles County","America/Los_Angeles","310,562,323","33.86","-118.25","NA","US","0","20834",
"90747","UNIQUE","Carson","Long Beach","C S U Dom Hls, Cal State Univ Dom Hills","CA","Los Angeles County","America/Los_Angeles","310","33.86","-118.25","NA","US","0","0",
"90748","PO BOX","Wilmington",,,"CA","Los Angeles County","America/Los_Angeles","213","33.78","-118.26","NA","US","0","1135",
"90749","PO BOX","Carson","Long Beach",,"CA","Los Angeles County","America/Los_Angeles","310","33.82","-118.26","NA","US","0","646",
"90755","STANDARD","Signal Hill","Long Beach","Signal Hl","CA","Los Angeles County","America/Los_Angeles",,"33.8","-118.16","NA","US","0","8468",
"90801","PO BOX","Long Beach",,,"CA","Los Angeles County","America/Los_Angeles","562,310,626","33.77","-118.18","NA","US","0","1786",
"90802","STANDARD","Long Beach",,,"CA","Los Angeles County","America/Los_Angeles","562,310,424","33.75","-118.2","NA","US","0","25106",
"90803","STANDARD","Long Beach",,"Belmont Shore, Naples","CA","Los Angeles County","America/Los_Angeles","562,310","33.75","-118.13","NA","US","0","25619",
"90804","STANDARD","Long Beach",,"East Long Beach","CA","Los Angeles County","America/Los_Angeles","562,714","33.78","-118.14","NA","US","0","26726",
"90805","STANDARD","Long Beach","Lakewood","North Long Beach","CA","Los Angeles County","America/Los_Angeles","562,310,323","33.86","-118.18","NA","US","0","66158",
"90806","STANDARD","Long Beach",,,"CA","Los Angeles County","America/Los_Angeles","310,562","33.81","-118.18","NA","US","0","29624",
"90807","STANDARD","Long Beach","Signal Hill","Bixby Knolls","CA","Los Angeles County","America/Los_Angeles","562,310,714","33.83","-118.18","NA","US","0","26420",
"90808","STANDARD","Long Beach",,,"CA","Los Angeles County","America/Los_Angeles","562,310","33.82","-118.11","NA","US","0","33131",
"90809","PO BOX","Long Beach",,"Lb","CA","Los Angeles County","America/Los_Angeles","562","33.76","-118.12","NA","US","0","706",
"90810","STANDARD","Long Beach","Carson","Cabrillo, Dominguez","CA","Los Angeles County","America/Los_Angeles","562,310,323","33.81","-118.22","NA","US","0","27824",
"90813","STANDARD","Long Beach",,,"CA","Los Angeles County","America/Los_Angeles","562,310,323","33.78","-118.18","NA","US","0","34994",
"90814","STANDARD","Long Beach",,,"CA","Los Angeles County","America/Los_Angeles","310,562","33.77","-118.14","NA","US","0","13995",
"90815","STANDARD","Long Beach",,,"CA","Los Angeles County","America/Los_Angeles","562,213,310,714","33.79","-118.12","NA","US","0","31234",
"90822","STANDARD","Long Beach",,"Long Beach Shared Firm","CA","Los Angeles County","America/Los_Angeles","562,310,323","33.77","-118.11","NA","US","0","0",
"90831","STANDARD","Long Beach",,,"CA","Los Angeles County","America/Los_Angeles","562","33.76","-118.2","NA","US","0","0",
"90832","PO BOX","Long Beach",,,"CA","Los Angeles County","America/Los_Angeles","562","33.76","-118.19","NA","US","0","0",
"90833","STANDARD","Long Beach",,,"CA","Los Angeles County","America/Los_Angeles","562","33.76","-118.2","NA","US","0","0",
"90834","STANDARD","Long Beach",,,"CA","Los Angeles County","America/Los_Angeles","562","33.76","-118.2","NA","US","0","0",
"90835","STANDARD","Long Beach",,,"CA","Los Angeles County","America/Los_Angeles","562","33.76","-118.2","NA","US","0","0",
"90840","UNIQUE","Long Beach",,"C S U Long Beach, Calif State Univ Long Beach","CA","Los Angeles County","America/Los_Angeles","562","33.78","-118.12","NA","US","0","0",
"90842","UNIQUE","Long Beach",,"Department Of Gas & Water","CA","Los Angeles County","America/Los_Angeles","562","33.81","-118.16","NA","US","0","0",
"90844","UNIQUE","Long Beach",,"Press Telegram","CA","Los Angeles County","America/Los_Angeles","562","33.77","-118.19","NA","US","0","0",
"90845","UNIQUE","Long Beach",,"Buffums","CA","Los Angeles County","America/Los_Angeles","562","33.77","-118.18","NA","US","1","0","Converted Decommisioned Zipcodes"
"90846","UNIQUE","Long Beach",,"Boeing","CA","Los Angeles County","America/Los_Angeles","562","33.82","-118.11","NA","US","0","0",
"90847","UNIQUE","Long Beach",,"Aarp","CA","Los Angeles County","America/Los_Angeles","562","33.83","-118.19","NA","US","0","0",
"90848","UNIQUE","Long Beach",,"A A R P, A A R P Pharmacy","CA","Los Angeles County","America/Los_Angeles","562","33.83","-118.18","NA","US","0","0",
"90853","PO BOX","Long Beach",,,"CA","Los Angeles County","America/Los_Angeles","562","33.75","-118.13","NA","US","0","438",
"90888","UNIQUE","Long Beach",,"Far, Foundation Airborne Relief","CA","Los Angeles County","America/Los_Angeles","562","33.77","-118.18","NA","US","1","0","Converted Decommisioned Zipcodes"
"90895","UNIQUE","Carson","Long Beach","Lakeshore Learning","CA","Los Angeles County","America/Los_Angeles","310","33.83","-118.21","NA","US","0","0","no NWS data, "
"90899","UNIQUE","Long Beach",,"La International Service Ctr","CA","Los Angeles County","America/Los_Angeles","562","33.77","-118.19","NA","US","0","0","no NWS data, "
"91001","STANDARD","Altadena",,,"CA","Los Angeles County","America/Los_Angeles","626,310,323,818","34.2","-118.13","NA","US","0","28725",
"91003","PO BOX","Altadena",,,"CA","Los Angeles County","America/Los_Angeles","626","34.18","-118.13","NA","US","0","403",
"91006","STANDARD","Arcadia",,,"CA","Los Angeles County","America/Los_Angeles","626,818,714,323","34.13","-118.02","NA","US","0","28021",
"91007","STANDARD","Arcadia",,,"CA","Los Angeles County","America/Los_Angeles","626,818,310","34.12","-118.05","NA","US","0","26674",
"91008","STANDARD","Duarte","Bradbury",,"CA","Los Angeles County","America/Los_Angeles","626","34.14","-117.96","NA","US","0","879",
"91009","PO BOX","Duarte",,,"CA","Los Angeles County","America/Los_Angeles","626","34.13","-117.96","NA","US","0","476",
"91010","STANDARD","Duarte","Bradbury, Irwindale",,"CA","Los Angeles County","America/Los_Angeles","626,323","34.13","-117.94","NA","US","0","20593",
"91011","STANDARD","La Canada Flintridge","Flintridge, La Canada, La Canada Flt",,"CA","Los Angeles County","America/Los_Angeles","310,818,626,323","34.23","-118.14","NA","US","0","18197",
"91012","PO BOX","La Canada Flintridge","La Canada, La Canada Flt",,"CA","Los Angeles County","America/Los_Angeles","626","34.2","-118.19","NA","US","0","581",
"91016","STANDARD","Monrovia",,,"CA","Los Angeles County","America/Los_Angeles","626,818,909","34.15","-117.99","NA","US","0","31187",
"91017","PO BOX","Monrovia",,,"CA","Los Angeles County","America/Los_Angeles","626","34.13","-117.98","NA","US","0","1030",
"91020","STANDARD","Montrose",,,"CA","Los Angeles County","America/Los_Angeles","818","34.21","-118.23","NA","US","0","5930",
"91021","PO BOX","Montrose",,,"CA","Los Angeles County","America/Los_Angeles","818","34.2","-118.22","NA","US","0","0",
"91023","PO BOX","Mount Wilson",,,"CA","Los Angeles County","America/Los_Angeles",,"34.22","-118.09","NA","US","0","0",
"91024","STANDARD","Sierra Madre",,,"CA","Los Angeles County","America/Los_Angeles","626","34.2","-118.05","NA","US","0","8990",
"91025","PO BOX","Sierra Madre",,,"CA","Los Angeles County","America/Los_Angeles","626","34.16","-118.05","NA","US","0","514",
"91030","STANDARD","South Pasadena","S Pasadena",,"CA","Los Angeles County","America/Los_Angeles","626,323,818,562","34.11","-118.15","NA","US","0","20953",
"91031","PO BOX","South Pasadena","S Pasadena",,"CA","Los Angeles County","America/Los_Angeles","626","34.11","-118.15","NA","US","0","855",
"91040","STANDARD","Sunland","Shadow Hills",,"CA","Los Angeles County","America/Los_Angeles","323,818","34.26","-118.32","NA","US","0","16036",
"91041","PO BOX","Sunland",,,"CA","Los Angeles County","America/Los_Angeles","818","34.26","-118.31","NA","US","0","387",
"91042","STANDARD","Tujunga",,,"CA","Los Angeles County","America/Los_Angeles","818","34.29","-118.25","NA","US","0","20436",
"91043","PO BOX","Tujunga",,,"CA","Los Angeles County","America/Los_Angeles","818","34.25","-118.29","NA","US","0","0",
"91046","PO BOX","Verdugo City",,,"CA","Los Angeles County","America/Los_Angeles",,"34.21","-118.24","NA","US","0","0",
"91066","PO BOX","Arcadia",,,"CA","Los Angeles County","America/Los_Angeles","626","34.14","-118.02","NA","US","0","681",
"91077","PO BOX","Arcadia",,,"CA","Los Angeles County","America/Los_Angeles","626","34.12","-118.05","NA","US","0","455",
"91101","STANDARD","Pasadena",,,"CA","Los Angeles County","America/Los_Angeles","213,323,626,805,818,310","34.14","-118.13","NA","US","0","13258",
"91102","PO BOX","Pasadena",,,"CA","Los Angeles County","America/Los_Angeles","626","34.14","-118.14","NA","US","0","651",
"91103","STANDARD","Pasadena",,,"CA","Los Angeles County","America/Los_Angeles","323,626","34.17","-118.17","NA","US","0","18714",
"91104","STANDARD","Pasadena",,,"CA","Los Angeles County","America/Los_Angeles","626,310,818,323","34.16","-118.12","NA","US","0","27268",
"91105","STANDARD","Pasadena",,,"CA","Los Angeles County","America/Los_Angeles","626,310,323,818","34.14","-118.16","NA","US","0","9563",
"91106","STANDARD","Pasadena",,,"CA","Los Angeles County","America/Los_Angeles","626,310,323","34.13","-118.13","NA","US","0","17783",
"91107","STANDARD","Pasadena",,,"CA","Los Angeles County","America/Los_Angeles","626,323,818","34.16","-118.08","NA","US","0","26912",
"91108","STANDARD","San Marino","Pasadena",,"CA","Los Angeles County","America/Los_Angeles","626,323","34.12","-118.11","NA","US","0","12520",
"91109","PO BOX","Pasadena",,,"CA","Los Angeles County","America/Los_Angeles","818,626","34.16","-118.16","NA","US","0","1622",
"91110","UNIQUE","Pasadena",,"Shared Firm Zip Code","CA","Los Angeles County","America/Los_Angeles","626","34.15","-118.15","NA","US","0","0",
"91114","PO BOX","Pasadena",,,"CA","Los Angeles County","America/Los_Angeles","626","34.16","-118.13","NA","US","0","0",
"91115","PO BOX","Pasadena",,,"CA","Los Angeles County","America/Los_Angeles","626","34.13","-118.15","NA","US","0","0",
"91116","PO BOX","Pasadena",,,"CA","Los Angeles County","America/Los_Angeles","323","34.14","-118.13","NA","US","0","0",
"91117","PO BOX","Pasadena",,,"CA","Los Angeles County","America/Los_Angeles","626","34.14","-118.09","NA","US","0","439",
"91118","PO BOX","San Marino","Pasadena",,"CA","Los Angeles County","America/Los_Angeles","626","34.12","-118.09","NA","US","0","0",
"91121","UNIQUE","Pasadena",,"Avon Products","CA","Los Angeles County","America/Los_Angeles","626","34.15","-118.09","NA","US","0","0",
"91123","UNIQUE","Pasadena",,"Ambassador College","CA","Los Angeles County","America/Los_Angeles","626","34.14","-118.15","NA","US","0","0",
"91124","UNIQUE","Pasadena",,"Ralph M Parsons Co","CA","Los Angeles County","America/Los_Angeles","626","34.14","-118.15","NA","US","0","0",
"91125","UNIQUE","Pasadena",,"Cal Tech","CA","Los Angeles County","America/Los_Angeles","626","34.13","-118.12","NA","US","0","330",
"91126","UNIQUE","Pasadena",,"Cal Tech","CA","Los Angeles County","America/Los_Angeles","626","34.13","-118.12","NA","US","0","0",
"91129","UNIQUE","Pasadena",,"Ambassador I C Foundation","CA","Los Angeles County","America/Los_Angeles","626","34.14","-118.15","NA","US","0","0",
"91131","UNIQUE","Pasadena",,"World Vision International","CA","Los Angeles County","America/Los_Angeles","626","34.15","-118.15","NA","US","1","0","Converted Decommisioned Zipcodes"
"91182","UNIQUE","Pasadena",,"Fuller Theological Seminary","CA","Los Angeles County","America/Los_Angeles","626","34.14","-118.14","NA","US","0","0",
"91184","UNIQUE","Pasadena",,"Tournament Of Roses Assoc","CA","Los Angeles County","America/Los_Angeles","626","34.13","-118.16","NA","US","0","0",
"91185","UNIQUE","Pasadena",,"Mellon Regional Lockbox Netw","CA","Los Angeles County","America/Los_Angeles","626","34.16","-117.98","NA","US","0","0",
"91188","UNIQUE","Pasadena",,"Kaiser Foundation Health","CA","Los Angeles County","America/Los_Angeles","626","34.14","-118.14","NA","US","0","0",
"91189","UNIQUE","Pasadena",,"J P Morgan","CA","Los Angeles County","America/Los_Angeles","626","34.12","-118.16","NA","US","0","0",
"91191","UNIQUE","Pasadena","World Vision Inc Brm",,"CA","Los Angeles County","America/Los_Angeles","626","34.15","-118.15","NA","US","1","0","Converted Decommisioned Zipcodes"
"91199","UNIQUE","Pasadena",,"City National Bank","CA","Los Angeles County","America/Los_Angeles","626","34.17","-118.12","NA","US","0","0","no NWS data, "
"91201","STANDARD","Glendale",,,"CA","Los Angeles County","America/Los_Angeles","818,323","34.17","-118.29","NA","US","0","17448",
"91202","STANDARD","Glendale",,,"CA","Los Angeles County","America/Los_Angeles","818,323","34.16","-118.26","NA","US","0","17687",
"91203","STANDARD","Glendale",,,"CA","Los Angeles County","America/Los_Angeles","818,323,213","34.15","-118.26","NA","US","0","10833",
"91204","STANDARD","Glendale",,,"CA","Los Angeles County","America/Los_Angeles","818,323","34.13","-118.26","NA","US","0","11153",
"91205","STANDARD","Glendale",,,"CA","Los Angeles County","America/Los_Angeles","818,323","34.13","-118.24","NA","US","0","27150",
"91206","STANDARD","Glendale",,,"CA","Los Angeles County","America/Los_Angeles","818,323","34.16","-118.2","NA","US","0","25063",
"91207","STANDARD","Glendale",,,"CA","Los Angeles County","America/Los_Angeles","818,323","34.18","-118.25","NA","US","0","8398",
"91208","STANDARD","Glendale",,,"CA","Los Angeles County","America/Los_Angeles","818,323","34.19","-118.24","NA","US","0","13555",
"91209","PO BOX","Glendale",,,"CA","Los Angeles County","America/Los_Angeles","818,323","34.14","-118.25","NA","US","0","985",
"91210","STANDARD","Glendale",,"Glendale Galleria","CA","Los Angeles County","America/Los_Angeles","818","34.14","-118.25","NA","US","0","0",
"91214","STANDARD","La Crescenta","Glendale",,"CA","Los Angeles County","America/Los_Angeles","661,818,323","34.23","-118.24","NA","US","0","25651",
"91221","PO BOX","Glendale",,,"CA","Los Angeles County","America/Los_Angeles","818","34.16","-118.28","NA","US","0","507",
"91222","PO BOX","Glendale",,,"CA","Los Angeles County","America/Los_Angeles","818","34.16","-118.26","NA","US","0","0",
"91224","PO BOX","La Crescenta","Glendale",,"CA","Los Angeles County","America/Los_Angeles","818","34.23","-118.25","NA","US","0","0",
"91225","PO BOX","Glendale",,,"CA","Los Angeles County","America/Los_Angeles","818","34.12","-118.25","NA","US","0","710",
"91226","PO BOX","Glendale",,,"CA","Los Angeles County","America/Los_Angeles","818","34.16","-118.21","NA","US","0","502",
"91301","STANDARD","Agoura Hills","Agoura, Calabasas, Calabasas Hills, Calabasas Hls, Cornell, Oak Park, Saratoga Hills, Saratoga Hls",,"CA","Los Angeles County","America/Los_Angeles","818,714,949","34.12","-118.76","NA","US","0","22555",
"91302","STANDARD","Calabasas","Hidden Hills, Monte Nido, Woodland Hills, Woodland Hls",,"CA","Los Angeles County","America/Los_Angeles","818,310","34.11","-118.67","NA","US","0","22015",
"91303","STANDARD","Canoga Park","Woodland Hills, Woodland Hls",,"CA","Los Angeles County","America/Los_Angeles","818,310","34.19","-118.6","NA","US","0","17718",
"91304","STANDARD","Canoga Park","Box Canyon, West Hills",,"CA","Los Angeles County","America/Los_Angeles","818","34.22","-118.59","NA","US","0","37168",
"91305","PO BOX","Canoga Park",,,"CA","Los Angeles County","America/Los_Angeles","818","34.2","-118.6","NA","US","0","0",
"91306","STANDARD","Winnetka","Canoga Park",,"CA","Los Angeles County","America/Los_Angeles","818,323","34.2","-118.57","NA","US","0","34013",
"91307","STANDARD","West Hills","Bell Canyon, Canoga Park",,"CA","Los Angeles County","America/Los_Angeles","213,818","34.2","-118.69","NA","US","0","20778",
"91308","PO BOX","West Hills","Canoga Park",,"CA","Los Angeles County","America/Los_Angeles","818","34.2","-118.59","NA","US","0","504",
"91309","PO BOX","Canoga Park",,,"CA","Los Angeles County","America/Los_Angeles","213","34.21","-118.59","NA","US","0","590",
"91310","PO BOX","Castaic","Santa Clarita",,"CA","Los Angeles County","America/Los_Angeles","661","34.49","-118.61","NA","US","0","0",
"91311","STANDARD","Chatsworth",,,"CA","Los Angeles County","America/Los_Angeles","310,661,818","34.28","-118.61","NA","US","0","29782",
"91313","PO BOX","Chatsworth",,,"CA","Los Angeles County","America/Los_Angeles","213","34.23","-118.58","NA","US","0","686",
"91316","STANDARD","Encino","Van Nuys",,"CA","Los Angeles County","America/Los_Angeles","818,310,323","34.15","-118.52","NA","US","0","21973",
"91321","STANDARD","Newhall","Santa Clarita","Friendly Valley","CA","Los Angeles County","America/Los_Angeles","661,818","34.36","-118.47","NA","US","0","24843",
"91322","PO BOX","Newhall","Santa Clarita",,"CA","Los Angeles County","America/Los_Angeles","661","34.38","-118.53","NA","US","0","776",
"91324","STANDARD","Northridge",,,"CA","Los Angeles County","America/Los_Angeles","818,805","34.24","-118.55","NA","US","0","20401",
"91325","STANDARD","Northridge",,,"CA","Los Angeles County","America/Los_Angeles","818","34.23","-118.51","NA","US","0","24201",
"91326","STANDARD","Porter Ranch","Northridge",,"CA","Los Angeles County","America/Los_Angeles","213,818","34.28","-118.55","NA","US","0","28058",
"91327","PO BOX","Northridge","Porter Ranch",,"CA","Los Angeles County","America/Los_Angeles","818","34.27","-118.55","NA","US","0","524",
"91328","PO BOX","Northridge",,,"CA","Los Angeles County","America/Los_Angeles","818","34.22","-118.53","NA","US","0","363",
"91329","UNIQUE","Northridge",,"J B Lansing Co","CA","Los Angeles County","America/Los_Angeles","213","34.24","-118.53","NA","US","0","0",
"91330","UNIQUE","Northridge",,"California State University","CA","Los Angeles County","America/Los_Angeles","818","34.24","-118.5","NA","US","0","0",
"91331","STANDARD","Pacoima","Arleta, Hansen Hills","Lakeview Terrace, Los Angeles","CA","Los Angeles County","America/Los_Angeles","818","34.25","-118.41","NA","US","0","72872",
"91333","PO BOX","Pacoima",,,"CA","Los Angeles County","America/Los_Angeles","818","34.26","-118.42","NA","US","0","775",
"91334","PO BOX","Pacoima","Arleta",,"CA","Los Angeles County","America/Los_Angeles","213","34.24","-118.42","NA","US","0","0",
"91335","STANDARD","Reseda","Tarzana","Encino, Los Angeles","CA","Los Angeles County","America/Los_Angeles","818","34.2","-118.54","NA","US","0","54011",
"91337","PO BOX","Reseda",,,"CA","Los Angeles County","America/Los_Angeles","213,323","34.2","-118.53","NA","US","0","671",
"91340","STANDARD","San Fernando",,,"CA","Los Angeles County","America/Los_Angeles","818","34.28","-118.44","NA","US","0","25093",
"91341","PO BOX","San Fernando",,,"CA","Los Angeles County","America/Los_Angeles","818","34.28","-118.44","NA","US","0","531",
"91342","STANDARD","Sylmar","Kagel Canyon, Lake View Ter, Lake View Terrace",,"CA","Los Angeles County","America/Los_Angeles","818,323","34.32","-118.38","NA","US","0","66238",
"91343","STANDARD","North Hills","Northridge, Sepulveda",,"CA","Los Angeles County","America/Los_Angeles","818","34.23","-118.47","NA","US","0","41190",
"91344","STANDARD","Granada Hills","San Fernando",,"CA","Los Angeles County","America/Los_Angeles","818","34.29","-118.5","NA","US","0","41602",
"91345","STANDARD","Mission Hills","San Fernando",,"CA","Los Angeles County","America/Los_Angeles","818,310,323","34.27","-118.45","NA","US","0","14142",
"91346","PO BOX","Mission Hills","San Fernando",,"CA","Los Angeles County","America/Los_Angeles","818","34.26","-118.46","NA","US","0","507",
"91350","STANDARD","Santa Clarita","Agua Dulce, Saugus","Bouquet Canyon, Green Valley, Mint Canyon, Sleepy Valley","CA","Los Angeles County","America/Los_Angeles","661,323","34.43","-118.51","NA","US","0","27783",
"91351","STANDARD","Canyon Country","Canyon Cntry, Santa Clarita",,"CA","Los Angeles County","America/Los_Angeles","661,805","34.43","-118.46","NA","US","0","25962",
"91352","STANDARD","Sun Valley",,"La Tuna Canyon, Rancho La Tuna Canyon, Shadow Hills","CA","Los Angeles County","America/Los_Angeles","661,818,310,323,626","34.23","-118.34","NA","US","0","35055",
"91353","PO BOX","Sun Valley",,,"CA","Los Angeles County","America/Los_Angeles","818,323","34.21","-118.36","NA","US","0","754",
"91354","STANDARD","Valencia","Santa Clarita",,"CA","Los Angeles County","America/Los_Angeles","805,661","34.46","-118.57","NA","US","0","22704",
"91355","STANDARD","Valencia","Santa Clarita",,"CA","Los Angeles County","America/Los_Angeles","661,805,323,760","34.41","-118.56","NA","US","0","26548",
"91356","STANDARD","Tarzana",,,"CA","Los Angeles County","America/Los_Angeles","818","34.15","-118.54","NA","US","0","23015",
"91357","PO BOX","Tarzana",,,"CA","Los Angeles County","America/Los_Angeles","213","34.17","-118.54","NA","US","0","968",
"91359","PO BOX","Westlake Village","Thousand Oaks, Westlake Vlg",,"CA","Los Angeles County","America/Los_Angeles","805","34.19","-118.82","NA","US","0","1244",
"91363","UNIQUE","Thousand Oaks",,"Westlake Village, State Farm, Westlake Vlg","CA","Los Angeles County","America/Los_Angeles","818","34.14","-118.8","NA","US","1","0","Converted Decommisioned Zipcodes"
"91364","STANDARD","Woodland Hills","Woodland Hls",,"CA","Los Angeles County","America/Los_Angeles","818,323","34.15","-118.6","NA","US","0","21888",
"91365","PO BOX","Woodland Hills","Woodland Hls",,"CA","Los Angeles County","America/Los_Angeles","818","34.16","-118.6","NA","US","0","713",
"91367","STANDARD","Woodland Hills","Woodland Hls",,"CA","Los Angeles County","America/Los_Angeles","408,818,310,323","34.17","-118.61","NA","US","0","31168",
"91371","UNIQUE","Woodland Hills","Woodland Hls","Pierce College","CA","Los Angeles County","America/Los_Angeles","213","34.18","-118.57","NA","US","0","0",
"91372","PO BOX","Calabasas","Woodland Hills, Woodland Hls",,"CA","Los Angeles County","America/Los_Angeles","818","34.15","-118.64","NA","US","0","0",
"91376","PO BOX","Agoura Hills","Agoura",,"CA","Los Angeles County","America/Los_Angeles","818","34.14","-118.75","NA","US","0","642",
"91380","PO BOX","Santa Clarita","Valencia",,"CA","Los Angeles County","America/Los_Angeles","661","34.49","-118.39","NA","US","0","1469",
"91381","STANDARD","Stevenson Ranch","Newhall, Santa Clarita, Stevenson Rnh, Valencia",,"CA","Los Angeles County","America/Los_Angeles","661,818,626","34.37","-118.61","NA","US","0","15678",
"91382","STANDARD","Santa Clarita",,"Newhall","CA","Los Angeles County","America/Los_Angeles","661","34.41","-118.51","NA","US","0","0",
"91383","STANDARD","Santa Clarita",,,"CA","Los Angeles County","America/Los_Angeles","661","34.36","-118.45","NA","US","0","0",
"91384","STANDARD","Castaic","Santa Clarita, Val Verde",,"CA","Los Angeles County","America/Los_Angeles","661,805","34.51","-118.68","NA","US","0","18686",
"91385","PO BOX","Valencia","Santa Clarita",,"CA","Los Angeles County","America/Los_Angeles","661","34.38","-118.56","NA","US","0","0",
"91386","PO BOX","Canyon Country","Canyon Cntry, Santa Clarita",,"CA","Los Angeles County","America/Los_Angeles","661","34.41","-118.45","NA","US","0","880",
"91387","STANDARD","Canyon Country","Canyon Cntry, Santa Clarita","Fair Oaks Ranch","CA","Los Angeles County","America/Los_Angeles","661","34.4","-118.4","NA","US","0","30434",
"91388","UNIQUE","Van Nuys",,"Pacific Tel","CA","Los Angeles County","America/Los_Angeles","213","34.2","-118.47","NA","US","1","0","Converted Decommisioned Zipcodes"
"91390","STANDARD","Santa Clarita","Agua Dulce, Canyon Cntry, Canyon Country, Green Valley","Mint Canyon, Saugus, Sleepy Valley","CA","Los Angeles County","America/Los_Angeles","661,818","34.53","-118.4","NA","US","0","15765",
"91392","PO BOX","Sylmar",,,"CA","Los Angeles County","America/Los_Angeles","818","34.3","-118.43","NA","US","0","1223",
"91393","PO BOX","North Hills","Sepulveda",,"CA","Los Angeles County","America/Los_Angeles","213","34.22","-118.46","NA","US","0","0",
"91394","PO BOX","Granada Hills",,,"CA","Los Angeles County","America/Los_Angeles","213","34.26","-118.52","NA","US","0","493",
"91395","PO BOX","Mission Hills",,,"CA","Los Angeles County","America/Los_Angeles","213","34.25","-118.46","NA","US","0","394",
"91396","PO BOX","Winnetka","Canoga Park",,"CA","Los Angeles County","America/Los_Angeles","213","34.2","-118.57","NA","US","0","615",
"91399","UNIQUE","Woodland Hills","Woodland Hls, Calabasas","Lockheed Corp","CA","Los Angeles County","America/Los_Angeles","213","34.16","-118.6","NA","US","1","0","Converted Decommisioned Zipcodes"
"91401","STANDARD","Van Nuys","Sherman Oaks, Valley Glen",,"CA","Los Angeles County","America/Los_Angeles","818,323","34.17","-118.43","NA","US","0","28864",
"91402","STANDARD","Panorama City","Van Nuys",,"CA","Los Angeles County","America/Los_Angeles","818","34.22","-118.44","NA","US","0","45198",
"91403","STANDARD","Sherman Oaks","Van Nuys",,"CA","Los Angeles County","America/Los_Angeles","818,310,323,626,213,661","34.14","-118.46","NA","US","0","19914",
"91404","PO BOX","Van Nuys",,,"CA","Los Angeles County","America/Los_Angeles","818","34.17","-118.43","NA","US","0","0",
"91405","STANDARD","Van Nuys","Valley Glen",,"CA","Los Angeles County","America/Los_Angeles","818,310,323","34.2","-118.44","NA","US","0","34500",
"91406","STANDARD","Van Nuys","Lake Balboa",,"CA","Los Angeles County","America/Los_Angeles","626,805,818,323,310","34.19","-118.49","NA","US","0","37193",
"91407","PO BOX","Van Nuys",,,"CA","Los Angeles County","America/Los_Angeles","213","34.19","-118.44","NA","US","0","0",
"91408","PO BOX","Van Nuys",,,"CA","Los Angeles County","America/Los_Angeles","213","34.17","-118.43","NA","US","0","0",
"91409","PO BOX","Van Nuys",,,"CA","Los Angeles County","America/Los_Angeles","213","34.2","-118.49","NA","US","0","853",
"91410","PO BOX","Van Nuys",,,"CA","Los Angeles County","America/Los_Angeles","213","34.2","-118.49","NA","US","0","0",
"91411","STANDARD","Van Nuys","Sherman Oaks",,"CA","Los Angeles County","America/Los_Angeles","818,323,213,626,661","34.17","-118.46","NA","US","0","15715",
"91412","PO BOX","Panorama City","Van Nuys",,"CA","Los Angeles County","America/Los_Angeles","213","34.22","-118.44","NA","US","0","559",
"91413","PO BOX","Sherman Oaks","Van Nuys",,"CA","Los Angeles County","America/Los_Angeles","310","34.16","-118.45","NA","US","0","1338",
"91416","PO BOX","Encino","Van Nuys",,"CA","Los Angeles County","America/Los_Angeles","213","34.17","-118.51","NA","US","0","677",
"91423","STANDARD","Sherman Oaks","Van Nuys",,"CA","Los Angeles County","America/Los_Angeles","818,213,310,619,323,626,661,805","34.14","-118.42","NA","US","0","24736",
"91426","PO BOX","Encino","Van Nuys",,"CA","Los Angeles County","America/Los_Angeles","818","34.15","-118.51","NA","US","0","446",
"91436","STANDARD","Encino","Van Nuys",,"CA","Los Angeles County","America/Los_Angeles","818,323,213,310,805","34.15","-118.49","NA","US","0","15771",
"91470","UNIQUE","Van Nuys",,"Blue Cross Of So Calif","CA","Los Angeles County","America/Los_Angeles","213","34.17","-118.61","NA","US","0","0",
"91482","UNIQUE","Van Nuys",,"Deluxe Check","CA","Los Angeles County","America/Los_Angeles","213","34.2","-118.47","NA","US","0","0",
"91495","UNIQUE","Sherman Oaks","Van Nuys","U S Purchasing Exchange","CA","Los Angeles County","America/Los_Angeles","213","34.15","-118.44","NA","US","0","0",
"91496","UNIQUE","Van Nuys",,"U S Purchasing Corp","CA","Los Angeles County","America/Los_Angeles","213","34.16","-118.45","NA","US","0","0",
"91497","UNIQUE","Van Nuys","Southern California Gas Comp",,"CA","Los Angeles County","America/Los_Angeles","213","34.2","-118.47","NA","US","1","0","Converted Decommisioned Zipcodes"
"91499","UNIQUE","Van Nuys",,"Business Reply","CA","Los Angeles County","America/Los_Angeles","213","34.2","-118.45","NA","US","0","0",
"91501","STANDARD","Burbank",,"Starlight Hills","CA","Los Angeles County","America/Los_Angeles","818","34.19","-118.29","NA","US","0","16002",
"91502","STANDARD","Burbank",,,"CA","Los Angeles County","America/Los_Angeles","818,323,310,714,805","34.17","-118.31","NA","US","0","8245",
"91503","PO BOX","Burbank",,,"CA","Los Angeles County","America/Los_Angeles","818","34.18","-118.3","NA","US","0","463",
"91504","STANDARD","Burbank",,,"CA","Los Angeles County","America/Los_Angeles","818,310,323","34.2","-118.3","NA","US","0","20413",
"91505","STANDARD","Burbank",,,"CA","Los Angeles County","America/Los_Angeles","818,661,323,626","34.17","-118.34","NA","US","0","25892",
"91506","STANDARD","Burbank",,,"CA","Los Angeles County","America/Los_Angeles","818,310,323","34.17","-118.32","NA","US","0","15393",
"91507","PO BOX","Burbank",,"Magnolia Park","CA","Los Angeles County","America/Los_Angeles","818","34.16","-118.34","NA","US","0","0",
"91508","PO BOX","Burbank",,,"CA","Los Angeles County","America/Los_Angeles","818","34.19","-118.32","NA","US","0","0",
"91510","PO BOX","Burbank",,,"CA","Los Angeles County","America/Los_Angeles","818","34.17","-118.34","NA","US","0","1120",
"91521","UNIQUE","Burbank",,"Disney Productions","CA","Los Angeles County","America/Los_Angeles","818","34.15","-118.32","NA","US","0","0",
"91522","UNIQUE","Burbank",,"Burbank Studios","CA","Los Angeles County","America/Los_Angeles","818","34.14","-118.33","NA","US","0","0",
"91523","UNIQUE","Burbank",,"N B C","CA","Los Angeles County","America/Los_Angeles","818","34.16","-118.33","NA","US","0","0",
"91526","UNIQUE","Burbank",,"Walt Disney Co","CA","Los Angeles County","America/Los_Angeles","818","34.19","-118.32","NA","US","0","0",
"91601","STANDARD","North Hollywood","N Hollywood, Toluca Ter, Toluca Terrace, Valley Village, Valley Vlg",,"CA","Los Angeles County","America/Los_Angeles","818,213,310,323","34.16","-118.37","NA","US","0","25821",
"91602","STANDARD","North Hollywood","N Hollywood, Studio City, Toluca Lake, W Toluca Lake, West Toluca Lake",,"CA","Los Angeles County","America/Los_Angeles","818,323","34.15","-118.36","NA","US","0","13969",
"91603","PO BOX","North Hollywood","N Hollywood",,"CA","Los Angeles County","America/Los_Angeles","818,323","34.16","-118.37","NA","US","0","0",
"91604","STANDARD","Studio City","N Hollywood, North Hollywood",,"CA","Los Angeles County","America/Los_Angeles","818,323,310","34.13","-118.39","NA","US","0","23076",
"91605","STANDARD","North Hollywood","N Hollywood",,"CA","Los Angeles County","America/Los_Angeles","818,323","34.2","-118.39","NA","US","0","39700",
"91606","STANDARD","North Hollywood","N Hollywood, Valley Glen","Van Nuys","CA","Los Angeles County","America/Los_Angeles","818,323","34.18","-118.39","NA","US","0","32275",
"91607","STANDARD","Valley Village","N Hollywood, North Hollywood, Sherman Village, Sherman Vlg, Studio City, Valley Vlg",,"CA","Los Angeles County","America/Los_Angeles","213,818,323","34.16","-118.4","NA","US","0","21208",
"91608","STANDARD","Universal City","N Hollywood, North Hollywood, Universal Cty",,"CA","Los Angeles County","America/Los_Angeles","818","34.13","-118.35","NA","US","0","0",
"91609","PO BOX","North Hollywood","N Hollywood",,"CA","Los Angeles County","America/Los_Angeles","213","34.18","-118.38","NA","US","0","0",
"91610","PO BOX","Toluca Lake","N Hollywood, North Hollywood",,"CA","Los Angeles County","America/Los_Angeles",,"34.15","-118.37","NA","US","0","342",
"91611","UNIQUE","North Hollywood","N Hollywood","Us Purchasing Exchange","CA","Los Angeles County","America/Los_Angeles","213","34.18","-118.39","NA","US","0","0",
"91612","UNIQUE","North Hollywood","N Hollywood","Us Purchasing Exchange","CA","Los Angeles County","America/Los_Angeles","213","34.18","-118.39","NA","US","0","0",
"91614","PO BOX","Studio City","N Hollywood, North Hollywood",,"CA","Los Angeles County","America/Los_Angeles","818","34.14","-118.39","NA","US","0","412",
"91615","PO BOX","North Hollywood","N Hollywood",,"CA","Los Angeles County","America/Los_Angeles","213","34.19","-118.39","NA","US","0","540",
"91616","PO BOX","North Hollywood","N Hollywood",,"CA","Los Angeles County","America/Los_Angeles","213","34.18","-118.39","NA","US","0","0",
"91617","PO BOX","Valley Village","N Hollywood, North Hollywood, Valley Vlg",,"CA","Los Angeles County","America/Los_Angeles","213","34.16","-118.4","NA","US","0","0",
"91618","PO BOX","North Hollywood","N Hollywood, Universal Cty",,"CA","Los Angeles County","America/Los_Angeles","213","34.11","-118.36","NA","US","0","0",
"91702","STANDARD","Azusa","Irwindale",,"CA","Los Angeles County","America/Los_Angeles","626,818","34.17","-117.87","NA","US","0","42119",
"91706","STANDARD","Baldwin Park","Irwindale",,"CA","Los Angeles County","America/Los_Angeles","626,714,323","34.09","-117.96","NA","US","0","57507",
"91711","STANDARD","Claremont",,,"CA","Los Angeles County","America/Los_Angeles","909","34.12","-117.71","NA","US","0","27155",
"91714","PO BOX","City Of Industry","City Industry",,"CA","Los Angeles County","America/Los_Angeles","626","34.01","-117.95","NA","US","0","0",
"91715","PO BOX","City Of Industry","City Industry",,"CA","Los Angeles County","America/Los_Angeles","626","34.01","-117.97","NA","US","0","701",
"91716","PO BOX","City Of Industry","City Industry",,"CA","Los Angeles County","America/Los_Angeles","626","34","-117.97","NA","US","0","0",
"91722","STANDARD","Covina",,,"CA","Los Angeles County","America/Los_Angeles","626","34.09","-117.9","NA","US","0","28046",
"91723","STANDARD","Covina",,,"CA","Los Angeles County","America/Los_Angeles","626,818,949","34.08","-117.88","NA","US","0","13780",
"91724","STANDARD","Covina",,"Charter Oak","CA","Los Angeles County","America/Los_Angeles","323,626","34.07","-117.84","NA","US","0","20668",
"91731","STANDARD","El Monte",,,"CA","Los Angeles County","America/Los_Angeles","562,626,714,323","34.08","-118.03","NA","US","0","20017",
"91732","STANDARD","El Monte","City Industry, City Of Industry",,"CA","Los Angeles County","America/Los_Angeles","626,323","34.07","-118.01","NA","US","0","43596",
"91733","STANDARD","South El Monte","El Monte, S El Monte",,"CA","Los Angeles County","America/Los_Angeles","626,323,818,909","34.04","-118.04","NA","US","0","31052",
"91734","PO BOX","El Monte",,,"CA","Los Angeles County","America/Los_Angeles","626","34.07","-118.03","NA","US","0","945",
"91735","UNIQUE","El Monte",,"Wells Fargo Bank","CA","Los Angeles County","America/Los_Angeles","626","34.07","-118.02","NA","US","0","0",
"91740","STANDARD","Glendora",,,"CA","Los Angeles County","America/Los_Angeles","626,909","34.11","-117.85","NA","US","0","20434",
"91741","STANDARD","Glendora",,,"CA","Los Angeles County","America/Los_Angeles","626","34.14","-117.85","NA","US","0","21524",
"91744","STANDARD","La Puente","City Industry, City Of Industry",,"CA","Los Angeles County","America/Los_Angeles","626,323","34.02","-117.93","NA","US","0","63301",
"91745","STANDARD","Hacienda Heights","City Industry, City Of Industry, Hacienda Hts, La Puente",,"CA","Los Angeles County","America/Los_Angeles","626,909,818,323,562","34","-117.97","NA","US","0","44875",
"91746","STANDARD","La Puente","Bassett, City Industry, City Of Industry",,"CA","Los Angeles County","America/Los_Angeles","626,323,562","34.04","-117.98","NA","US","0","23468",
"91747","PO BOX","La Puente",,,"CA","Los Angeles County","America/Los_Angeles","626","34.02","-117.94","NA","US","0","1343",
"91748","STANDARD","Rowland Heights","City Industry, City Of Industry, La Puente, Rowland Hghts, Rowland Hgts",,"CA","Los Angeles County","America/Los_Angeles","626,562,213,909,323","33.97","-117.9","NA","US","0","37487",
"91749","PO BOX","La Puente",,,"CA","Los Angeles County","America/Los_Angeles","626","34.03","-117.95","NA","US","0","0",
"91750","STANDARD","La Verne",,,"CA","Los Angeles County","America/Los_Angeles","626,909","34.15","-117.76","NA","US","0","27750",
"91754","STANDARD","Monterey Park",,,"CA","Los Angeles County","America/Los_Angeles","323,626,213,562","34.05","-118.14","NA","US","0","28166",
"91755","STANDARD","Monterey Park",,,"CA","Los Angeles County","America/Los_Angeles","626,323","34.05","-118.11","NA","US","0","21491",
"91756","UNIQUE","Monterey Park",,"Mont Park, Mont Pk, Monterey Pk, Southern California Gas Co","CA","Los Angeles County","America/Los_Angeles","626","34.04","-118.13","NA","US","0","0",
"91765","STANDARD","Diamond Bar","Pomona",,"CA","Los Angeles County","America/Los_Angeles","909,310,949","33.99","-117.81","NA","US","0","41453",
"91766","STANDARD","Pomona","Phillips Ranch, Phillips Rnch",,"CA","Los Angeles County","America/Los_Angeles","909,626","34.03","-117.75","NA","US","0","49778",
"91767","STANDARD","Pomona",,,"CA","Los Angeles County","America/Los_Angeles","909,626","34.08","-117.73","NA","US","0","33720",
"91768","STANDARD","Pomona",,,"CA","Los Angeles County","America/Los_Angeles","909,626,949","34.06","-117.79","NA","US","0","22349",
"91769","PO BOX","Pomona",,,"CA","Los Angeles County","America/Los_Angeles","909","34.06","-117.75","NA","US","0","1641",
"91770","STANDARD","Rosemead",,,"CA","Los Angeles County","America/Los_Angeles","626,213,323","34.06","-118.08","NA","US","0","49163",
"91771","UNIQUE","Rosemead",,"So Cal Edison Co","CA","Los Angeles County","America/Los_Angeles","626","34.06","-118.08","NA","US","0","0",
"91772","UNIQUE","Rosemead",,"So Cal Edison Co","CA","Los Angeles County","America/Los_Angeles","626","34.06","-118.08","NA","US","0","0",
"91773","STANDARD","San Dimas",,,"CA","Los Angeles County","America/Los_Angeles","562,818,909,626","34.1","-117.81","NA","US","0","28256",
"91775","STANDARD","San Gabriel",,,"CA","Los Angeles County","America/Los_Angeles","626,323","34.11","-118.08","NA","US","0","19902",
"91776","STANDARD","San Gabriel",,,"CA","Los Angeles County","America/Los_Angeles","650,626,323","34.08","-118.09","NA","US","0","30178",
"91778","PO BOX","San Gabriel",,,"CA","Los Angeles County","America/Los_Angeles","626","34.1","-118.1","NA","US","0","952",
"91780","STANDARD","Temple City",,,"CA","Los Angeles County","America/Los_Angeles","562,626,323","34.1","-118.05","NA","US","0","29368",
"91788","PO BOX","Walnut",,,"CA","Los Angeles County","America/Los_Angeles","909","34.01","-117.86","NA","US","0","781",
"91789","STANDARD","Walnut","City Industry, City Of Industry, Diamond Bar",,"CA","Los Angeles County","America/Los_Angeles","626,909,213,310,415,323","34.01","-117.85","NA","US","0","37363",
"91790","STANDARD","West Covina",,,"CA","Los Angeles County","America/Los_Angeles","213,323,626,909,559","34.06","-117.94","NA","US","0","33820",
"91791","STANDARD","West Covina",,,"CA","Los Angeles County","America/Los_Angeles","626,213","34.06","-117.89","NA","US","0","25715",
"91792","STANDARD","West Covina",,,"CA","Los Angeles County","America/Los_Angeles","562,818,626,909","34.02","-117.89","NA","US","0","23683",
"91793","PO BOX","West Covina",,,"CA","Los Angeles County","America/Los_Angeles","626","34.06","-117.92","NA","US","0","1021",
"91795","UNIQUE","Walnut",,"Federal Home Loan Bank","CA","Los Angeles County","America/Los_Angeles","909","34.02","-117.85","NA","US","0","0",
"91797","UNIQUE","Pomona","Bureau Of The Census",,"CA","Los Angeles County","America/Los_Angeles","909","34.08","-117.96","NA","US","1","0","Converted Decommisioned Zipcodes"
"91799","UNIQUE","Pomona",,"Focus On The Family","CA","Los Angeles County","America/Los_Angeles","909","34.05","-117.75","NA","US","1","0","Converted Decommisioned Zipcodes"
"91801","STANDARD","Alhambra",,,"CA","Los Angeles County","America/Los_Angeles","626,213,323","34.09","-118.13","NA","US","0","41211",
"91802","PO BOX","Alhambra",,,"CA","Los Angeles County","America/Los_Angeles","626","34.09","-118.12","NA","US","0","1647",
"91803","STANDARD","Alhambra",,,"CA","Los Angeles County","America/Los_Angeles","213,626,818,323","34.07","-118.14","NA","US","0","24399",
"91804","STANDARD","Alhambra",,,"CA","Los Angeles County","America/Los_Angeles","626","34.09","-118.12","NA","US","0","0",
"91841","UNIQUE","Alhambra",,"Carter Hawley Hale","CA","Los Angeles County","America/Los_Angeles","626","34.09","-118.12","NA","US","1","0","Converted Decommisioned Zipcodes"
"91896","PO BOX","Alhambra",,,"CA","Los Angeles County","America/Los_Angeles","626","34.09","-118.12","NA","US","0","0",
"91899","PO BOX","Alhambra",,"City Of Industry","CA","Los Angeles County","America/Los_Angeles","626","34.08","-118.13","NA","US","0","0",
"93243","STANDARD","Lebec","Gorman",,"CA","Los Angeles County","America/Los_Angeles","661","34.86","-118.87","NA","US","0","1151",
"93510","STANDARD","Acton",,,"CA","Los Angeles County","America/Los_Angeles","661","34.49","-118.22","NA","US","0","6716",
"93532","STANDARD","Lake Hughes","Elizabeth Lake, Elizabeth Lk","Lake Elizabeth, Leona Valley, Sandberg, Three Points","CA","Los Angeles County","America/Los_Angeles","661","34.69","-118.52","NA","US","0","2088",
"93534","STANDARD","Lancaster",,"Del Sur, Fairmont, Hi Vista, Lane, Wilsona Gardens","CA","Los Angeles County","America/Los_Angeles","213,661","34.72","-118.15","NA","US","0","24548",
"93535","STANDARD","Lancaster","Hi Vista, Lake La, Lake Los Angeles","Roosevelt Corner, Wilsona Gardens","CA","Los Angeles County","America/Los_Angeles","661,818","34.69","-117.9","NA","US","0","45851",
"93536","STANDARD","Lancaster","Del Sur, Quartz Hill","Fairmont, Metler Valley, Neenach","CA","Los Angeles County","America/Los_Angeles","661","34.72","-118.48","NA","US","0","48248",
"93539","PO BOX","Lancaster",,,"CA","Los Angeles County","America/Los_Angeles","818","34.68","-118.12","NA","US","0","2456",
"93543","STANDARD","Littlerock","Juniper Hills, Sun Village",,"CA","Los Angeles County","America/Los_Angeles","661","34.48","-117.92","NA","US","0","9046",
"93544","STANDARD","Llano","Crystalaire",,"CA","Los Angeles County","America/Los_Angeles","661","34.49","-117.77","NA","US","0","767",
"93550","STANDARD","Palmdale","Lake La, Lake Los Angeles",,"CA","Los Angeles County","America/Los_Angeles","661,562,310","34.52","-118.08","NA","US","0","48104",
"93551","STANDARD","Palmdale","City Ranch, Leona Valley, Quartz Hill","Lancaster","CA","Los Angeles County","America/Los_Angeles","661,323,805","34.61","-118.27","NA","US","0","39678",
"93552","STANDARD","Palmdale",,,"CA","Los Angeles County","America/Los_Angeles","661,805,818","34.5","-118.01","NA","US","0","26212",
"93553","STANDARD","Pearblossom",,"Juniper Hills","CA","Los Angeles County","America/Los_Angeles","661","34.48","-117.88","NA","US","0","1419",
"93563","STANDARD","Valyermo","Pearblossom",,"CA","Los Angeles County","America/Los_Angeles","661","34.39","-117.74","NA","US","0","0",
"93584","PO BOX","Lancaster",,,"CA","Los Angeles County","America/Los_Angeles","661","34.69","-118.13","NA","US","0","520",
"93586","PO BOX","Lancaster","Quartz Hill",,"CA","Los Angeles County","America/Los_Angeles","661","34.64","-118.21","NA","US","0","0",
"93590","PO BOX","Palmdale",,,"CA","Los Angeles County","America/Los_Angeles","661","34.57","-118.08","NA","US","0","1421",
"93591","STANDARD","Palmdale","Lake La, Lake Los Angeles",,"CA","Los Angeles County","America/Los_Angeles","661","34.61","-117.81","NA","US","0","4371",
"93599","UNIQUE","Palmdale",,"Lockheed Advanced Dev Co","CA","Los Angeles County","America/Los_Angeles","661","34.57","-118.11","NA","US","0","0",
